Delta,Theta,Alpha,Beta,Gamma
7.648857913,4.991562881,3.977971575,5.554287773,0.664974856
1.304503246,3.082549156,3.36859297,5.072220477,0.615750493
13.15555921,5.020881435,4.191822252,5.497729376,0.726761318
10.21685241,5.001063808,5.692753158,5.812326857,0.74744783
14.65543243,8.433391968,6.078580162,7.366242972,0.968381827
4.475439686,4.878039579,5.887982181,5.933327322,0.625161978
4.945831389,6.313496589,5.320123044,6.19865106,0.854700516
5.938858232,6.748167913,4.730827327,5.87344333,0.7500312
5.258491922,4.634954461,4.664295428,5.624179501,0.641378776
3.613805714,4.004663499,4.31839663,4.891234232,0.605564785
6.419504941,6.040184307,5.598638124,5.906866,0.584791593
22.04932443,7.164774145,4.470563406,6.288414298,0.839396266
14.17946658,5.689799367,4.856781085,5.919837147,0.693230882
4.372489567,4.434169645,5.47642553,6.336604477,1.152796372
2.887788702,4.591953133,4.150137875,5.523807041,0.608168209
8.908562266,6.758857346,5.496192127,6.640717691,0.810638081
10.09938556,6.379935385,5.275797912,7.454603744,1.245738814
10.26190376,6.52777885,6.197160748,6.982713183,1.070985754
3.903634562,5.465148722,4.559911348,5.90611856,0.650407349
8.740410445,4.415726062,3.297944761,5.688774903,0.900724025
4.672162298,4.913595117,4.572968098,6.092591109,0.628775307
3.66882653,5.70896614,4.137093389,6.580041946,1.33872477
2.621163596,3.629939533,3.616047177,5.444648385,0.700769061
86.59642028,374.3175499,57.88994299,31.93491002,11.47568611
81.25309315,291.6059072,52.12023219,30.14694173,8.29022989
253.7482015,1095.182841,136.7610154,72.71269363,38.58960625
100.5340884,393.126259,61.32931386,51.83450976,27.72734008
48.12004231,155.1728353,36.29506914,29.20265333,9.025079698
227.8561867,1078.465701,99.20261245,34.97470855,16.06333846
196.4148504,973.6612577,69.19332214,35.42534892,11.58661903
48.56629912,215.8616083,41.25726579,32.94219241,12.18881882
62.2972202,260.6507529,44.88738836,30.56516872,13.80647513
614.5992049,3204.845806,203.9837059,63.55287301,24.05868699
260.6192212,949.6995053,146.0279264,54.83035377,13.40974472
175.3047898,689.3257414,71.78511289,41.87514744,13.78011746
286.9512745,1675.603313,134.4004293,35.14244257,8.002844221
30.89126121,119.5640942,35.00587175,28.66109612,15.38027529
408.5448116,1732.330842,108.0416343,61.36665152,33.03178082
463.2064983,2063.365209,148.4428388,41.33180847,11.89389796
682.8802286,3369.094006,263.4707687,54.12738057,20.78184247
628.4692936,2906.817428,216.7616896,54.68544533,15.03447993
274.2626063,1212.320941,84.48837979,26.33160505,11.20292876
529.6402178,2443.5962,155.5595204,64.61948573,30.34466722
471.575403,1596.875623,112.7093665,66.11753551,35.58797279
429.0666391,2543.338573,221.1465002,67.71203866,39.83546276
26.43385223,153.8710512,34.34608069,25.54696386,8.457625255
26.84981305,31.74549301,12.25139339,18.3938516,7.824480258
34.84480279,42.38657826,16.61879971,20.96396598,8.564405484
125.4828619,88.46556823,26.77117883,27.56081803,7.472365853
121.0824159,52.8052826,16.7457549,20.38839327,5.953059405
51.36847706,42.83683714,16.57168873,20.4858617,8.988431382
100.4103798,37.12195693,14.95710896,19.40733016,8.315139898
73.47582944,46.2346153,14.81508865,22.15176337,13.31972003
91.34074726,44.72940387,13.75829849,20.70795837,9.474023854
141.2543626,51.88588148,15.82178408,20.23858111,8.476484856
116.7130643,58.62065108,20.86427946,24.02507691,9.397917931
129.5245427,75.83956017,24.53979743,24.65339108,8.917832743
59.13992769,39.25284902,14.28394375,19.5046671,7.316740468
72.04236246,48.13811261,14.75114279,18.04474957,6.550979469
37.73170543,36.14513454,15.20855687,18.04117582,7.771782477
88.8551377,39.78697834,12.78127664,20.98653674,10.65352547
36.16101612,38.42925714,11.76960065,18.07842703,6.513969163
59.50134933,39.64867459,13.81043533,20.4400403,8.764516356
68.28933775,89.76382592,24.55936866,25.85689919,7.111884079
10.57052326,12.15000109,7.158916241,14.92366642,9.588281302
31.53010133,25.45927125,9.707487988,18.17440489,9.508028455
32.41938158,38.14822936,13.65241569,19.54032565,7.198230181
17.07098094,20.69399062,9.210469834,16.10189162,7.605935588
44.68245619,25.3934127,11.51611574,18.23341127,8.883805678
74.57914822,839.139844,123.0486507,84.29416815,37.01069096
79.59536819,1400.384198,272.252418,96.46008307,36.45376133
61.08588625,500.7442628,107.282287,162.7472488,109.5182423
66.90842082,857.0121409,167.8325311,169.0284481,123.8604872
27.03160816,348.8548227,93.82179839,180.2473716,128.6410749
117.4649894,2105.092381,283.7904056,97.36456427,43.08599302
89.80730202,816.8664932,165.8012183,107.4932649,54.74566612
97.47664068,2687.919078,247.8224107,88.94621721,26.25222422
154.8970153,2560.306583,285.3603677,107.1848215,23.31869852
171.2602905,1564.508951,233.3984444,116.225909,49.06560435
36.0136086,372.6596819,92.19307376,77.64658226,30.06795054
58.18015366,795.6206882,151.5391685,96.29494009,37.813205
136.4815146,2695.74418,292.256013,92.00316932,41.47390236
24.1560598,313.8962826,65.21074847,90.78492284,66.55992226
64.06348195,603.6201237,111.2793773,130.6203608,91.30523421
93.70514071,1211.759089,148.0897498,110.9617221,46.27515743
118.5910114,1475.381658,223.5174955,87.10843763,29.49711523
66.37190919,728.4332825,121.9405641,79.70551949,28.88883902
9.415114794,114.2626207,31.78515785,73.0707395,57.98899915
30.18152029,283.3516556,90.05372551,230.1682625,288.3550686
138.9742864,1497.006998,232.5145924,139.077451,101.6750193
113.0472428,3414.861842,331.2554002,92.77720837,35.1726779
482.3658967,6100.548262,1106.802599,587.2461027,166.7011958
13.54374967,235.6101838,25.66253819,29.18381784,10.15018114
13.8795142,267.2781595,29.62723004,22.85946292,5.004019787
34.17494903,397.2729488,45.19407972,38.61297915,14.36588703
23.8692046,205.2874733,31.28579658,34.29694662,13.10688709
28.44973262,294.6498814,34.56641143,28.94207362,9.11890573
18.97299365,190.638886,27.81768208,26.71255888,7.585612357
33.5565806,421.6939331,39.36529414,31.12626585,8.064789625
41.9943293,419.763195,39.81074342,29.95260753,6.450102151
68.33558056,423.329283,49.65039456,29.46008719,6.223898332
69.31513733,531.2155448,55.51241279,34.78694939,7.185874668
15.52955945,254.2834841,33.11676819,28.93599821,8.82728335
29.66150329,263.6070265,35.525118,28.46501584,6.27512245
61.16233214,433.8565611,46.45393412,31.057584,6.364753389
34.58456861,362.1098668,34.90867353,30.96308631,10.77037392
34.13677631,432.5793531,36.35520716,22.48441641,4.42109757
14.7677969,300.147404,26.72089216,22.83007302,5.567931987
6.847455723,98.21589498,15.23455876,19.72314825,5.986040338
26.62246034,355.2707315,45.73316236,33.29212982,7.926728349
10.31429746,253.8185707,27.33836931,22.02761678,6.819825781
20.21452829,353.5697377,35.29427199,31.7539332,11.91880294
16.47606496,210.8394994,25.22305065,27.0784302,7.619322862
16.16000847,278.7226604,22.67742163,22.93573016,7.148005001
16.4308767,182.3850565,25.87558003,21.75640857,3.661234845
5.163096867,47.20764788,25.90245894,25.49493496,11.01073199
8.163555313,74.41187953,30.90256104,107.9869823,73.70769909
12.18914478,61.06771429,33.05413045,35.26877026,17.62559577
10.29311881,101.224515,39.64882552,108.2340637,76.68281041
6.767207129,63.97040933,28.1356894,45.40680121,25.83321213
10.75642366,85.24259028,29.54971337,30.28060581,9.443857419
13.55851031,73.9996566,30.40877665,29.86918869,9.379013482
1.446514977,21.33585859,37.32137633,30.54336159,15.86794004
12.15637933,113.9804629,35.57164539,51.63534249,22.90762848
13.56555633,110.5482626,44.42960877,33.10515374,8.94448269
5.142708617,51.21954278,32.00425446,36.81199528,18.601425
9.455163128,52.25330216,29.24631046,57.0677785,31.68235995
4.362297181,44.35829751,26.490427,23.16955091,7.007701552
5.336224125,53.85378386,26.88044219,35.60546926,14.82832057
7.019561954,62.18327695,36.64666962,28.89644841,10.93550767
3.223644802,40.57531863,33.2758413,33.82187249,17.46851682
1.921604645,24.95793051,26.89108889,21.79521478,6.695137968
5.49187218,46.87924011,25.65867522,26.44601212,7.330385254
2.628234753,28.56015552,19.89421265,27.58170997,9.810016653
6.855136596,60.5183564,35.02413396,106.6537008,78.23341279
4.681818967,42.99090613,24.66155848,52.43768726,31.57331916
5.532804485,35.49262735,24.13610732,24.79245597,8.225169744
6.826373769,61.79557621,27.10759641,39.72487523,24.03826376
14.85242896,28.37582246,22.31295608,31.19761899,14.49089551
14.3808844,26.89355108,22.57149348,39.55239679,20.63716001
43.29811464,44.24875316,29.95590313,56.14448739,27.38463354
25.90540562,36.04881813,24.67262743,42.65829657,24.94317977
10.40643151,28.68209675,22.72514862,57.45759819,40.41207188
19.47701165,25.81803851,22.73731103,33.55144252,17.49909877
41.52780529,33.01105975,21.64094484,25.08355264,9.005238053
14.32497601,25.10126986,20.32704665,26.64458974,13.2119101
41.97725537,43.45292578,29.31846583,63.45448827,41.3892793
40.486411,68.24811614,31.22578486,43.18619317,26.34009163
41.99031652,38.83912814,26.44141181,44.11149294,22.62985018
14.02068406,23.27929386,19.49326734,38.17394281,21.77816293
11.89266248,23.34997897,19.02758406,46.11656992,25.75130391
12.64951102,30.15840851,19.28973178,29.27040921,15.43731516
11.37860492,25.77698626,20.90439221,29.44479778,14.33525634
9.294728162,30.05618963,23.08485973,32.98584997,14.8200545
4.059102999,17.14455622,16.72989214,38.53472457,21.41860648
22.37013906,27.38892951,20.82335358,43.68380959,22.71817768
3.962894247,16.31747812,15.10475092,26.63547239,17.14981548
10.94447747,25.70563901,19.43894992,33.66277582,17.11169952
12.56990492,25.8459911,19.94241977,25.12351774,10.91618196
7.649524893,15.8450446,16.60073353,28.35277408,17.73013006
12.87848074,25.80209037,16.572029,26.17038629,12.9332927
32.6916331,27.46218626,8.338923807,9.860559472,2.757587066
83.34720084,78.91247325,9.598596244,7.969025149,1.31182354
33.78595351,31.67559711,11.0344159,11.26856656,1.485558287
76.6436788,45.15827524,13.40213601,12.44495334,2.347222528
17.51579764,23.37120048,9.694124918,13.18828383,4.697048633
84.27679708,44.11425517,10.99995501,10.74018762,1.713909351
102.456063,135.9624791,19.35384526,21.43114172,6.565977078
123.3735711,54.81345108,14.27744983,11.51647835,1.363763328
300.8663493,128.3471564,19.905272,12.23957748,1.849234966
68.76350688,27.38904572,10.16058529,12.0795214,2.169675712
167.2859176,86.71843918,23.58559358,16.43708399,2.654821716
68.34431107,26.87974542,8.407909972,12.15291857,2.038800856
58.48583729,46.52742764,12.53786087,13.6300644,3.691617268
29.21720822,57.56495825,9.773210713,11.2859696,2.780720293
78.38268737,31.9428237,9.669218432,12.23130423,2.396223017
101.6058329,70.83711093,12.74044099,10.35811808,1.589272336
245.6759341,101.192113,16.00511281,13.18158003,2.203462968
86.84948882,81.61128101,18.56860666,14.68109853,2.301752667
9.198920401,10.55147102,4.997548783,10.18794368,2.425948702
26.08057447,19.30941526,6.892031809,8.147038332,1.909555327
35.56452665,44.04072366,11.7816008,17.02407579,6.602536469
47.42552008,67.72052095,11.16691181,8.398167405,1.420588867
35.13323328,22.9341027,7.531880317,10.17551721,2.740724279
35.96946016,832.1138687,100.6905511,47.12910398,13.57847594
62.28127757,1074.485818,112.4551005,51.20163911,11.12108227
182.7814798,995.5312265,138.4494551,93.15761211,29.06525631
109.3620189,983.6366034,123.5351887,63.50539489,13.88084092
59.30656752,832.001805,96.56948151,72.00883507,32.20917397
141.2681353,1093.718213,133.7310646,101.229929,38.23527455
132.4052306,1601.345274,151.7548034,76.80927164,18.50701172
177.1452335,2119.422559,215.9124772,101.8351937,29.24170967
129.8417616,1073.70242,97.91831196,54.3243815,13.32901445
162.6207476,1768.740752,160.4252733,101.8373336,30.7762056
93.45876836,1363.290047,151.0034245,85.56368123,20.63871193
100.6769987,1030.637338,100.739143,63.91537466,13.6392353
113.6086766,1915.272095,187.0346351,61.91855268,10.72361793
85.07893266,1232.775697,90.99784298,64.17954064,24.46721366
163.3206919,1683.097216,179.7642173,85.195857,12.62939793
144.2847872,1202.233755,106.2883258,61.75997714,16.3968867
68.97200779,954.0027502,73.22043971,45.18095506,11.31010609
117.8367887,1376.563211,146.363902,84.47556186,23.83169522
36.53768724,935.0881648,79.24564937,34.5852996,10.41702245
94.98455301,1973.606065,151.1847201,58.26617582,15.63527494
55.33385159,970.4438208,69.64903602,44.80253482,15.37140139
61.31443258,930.7974679,63.80160834,39.07331907,12.51988933
105.2177463,1468.990825,151.0077242,76.9015742,18.12172716
11.02557544,48.84605638,19.49774507,33.58123003,14.02239333
13.55898653,66.18557412,21.85242675,26.88992217,9.90880535
38.35537328,118.4036112,40.72450427,48.97532393,19.81707111
39.05251448,139.1968839,57.96987626,178.6627743,129.9339949
15.13176971,68.55443622,20.697337,28.17499736,9.849833416
32.68441434,105.728585,34.47587178,45.70959029,16.65573771
31.41126944,135.9548494,31.57319658,30.18676828,7.462960772
47.56411988,139.2478933,37.99222433,35.85957277,7.797140895
46.33415778,116.8464936,30.36113731,27.21979579,7.428557363
45.47772162,282.6882086,52.44496592,28.0730869,4.94483693
33.12344721,87.62136335,28.92904529,32.85848188,9.777833724
22.85553525,67.20744972,20.99312015,28.75383752,9.157812107
32.34740752,195.523599,43.87568312,33.54274507,8.560978244
12.17579847,102.5242412,27.7450654,23.48246187,5.728320703
40.58540909,234.7733463,67.25590863,144.2029487,88.2803963
18.173424,156.9094045,24.85035059,22.594241,6.963010479
24.77669524,138.9372619,34.42361703,27.3104292,7.386890864
21.78718044,108.2610684,29.44190562,25.36915506,6.218757291
9.565486439,49.12754623,18.03428432,19.8504497,5.283320763
16.50352629,174.5534924,32.49193436,21.2144356,5.433130775
11.90754467,55.08896317,23.5516417,33.32456186,11.58875522
22.49384548,63.61208602,20.08803164,21.31250187,4.382595024
26.21105907,134.5151277,29.29458599,25.34712967,6.618282525
38.79013995,1016.202012,272.8391279,353.1606645,88.54555219
68.11664546,1669.482543,425.6481552,524.3427227,146.9708161
169.1630196,4927.214874,1411.821973,1208.915801,228.685208
88.21813214,2545.846189,627.7934362,644.1631751,96.44285374
48.23876644,1190.483259,376.7433692,493.7952886,151.6207845
88.66640306,3818.360149,897.5329998,682.6397393,113.1463931
139.3660982,3402.699107,808.4215231,778.3714689,213.2781144
122.1158274,4274.081242,1017.584053,779.1546417,120.8679987
174.8970703,4418.622169,905.0541155,760.7460586,153.4957082
247.0754786,8006.768341,1746.720258,1571.732248,406.3192804
51.6059333,1377.054405,506.1840978,594.7770578,123.4832931
84.86606669,2575.75983,637.2213834,776.9249695,219.8491014
149.0710055,3779.778914,681.9065134,989.4498324,484.6178137
82.61706265,2919.360637,538.3113891,498.3725613,118.5416912
70.30258664,2000.898565,584.1306699,614.8289444,107.2617655
38.24910778,1452.066909,315.9826861,427.8483096,147.5173661
87.77326001,1868.772694,369.0109239,423.4918271,82.87269239
99.52844983,2990.522999,971.0568959,1317.412821,473.0414108
35.40274114,1039.516595,312.2749392,327.7640737,86.63150472
57.45611221,2010.6324,472.4846277,595.4118351,265.2043735
59.17884801,1879.154309,557.6320916,607.5389066,184.3099709
71.93062887,1871.21431,479.0107693,508.7893079,90.69221493
60.30127682,2026.525215,538.3796652,713.3040776,228.0787401
9.405410969,80.6937249,24.51700131,74.82525766,56.76628902
16.56081868,147.4315887,33.02110606,66.34261882,54.85021385
34.61362294,91.45720191,30.83221598,89.40472091,75.41559122
24.99418382,92.17619884,31.25285985,99.22570049,74.26006632
9.887622879,75.38638983,29.93910056,94.27506162,92.27265054
25.82459192,169.7479892,32.17097831,81.81341286,57.02542896
19.28015801,61.88648515,22.28163555,36.5426125,10.72699901
18.83125841,105.24921,26.71347691,94.87978824,68.0263636
31.51110033,70.88541278,20.34328966,28.12253304,4.720500992
37.79437181,77.33845393,29.01647654,91.73047052,59.32130632
29.0393869,74.2595194,25.82785287,80.73840914,66.1841442
18.46776306,78.85575166,20.73071507,73.59450532,48.90300978
24.48820508,142.8748397,29.15864178,95.68423178,67.90243037
10.40331901,102.6481829,28.27740957,95.6058553,77.35020562
18.1448381,61.0092586,21.93008997,66.16811778,44.38448223
13.22285208,231.8569022,26.53685075,71.18420355,44.50264183
17.75859895,82.2972066,23.13200531,33.3252988,8.81049614
16.13119445,82.04088146,23.58127595,36.31763817,10.53946375
7.260739887,53.64255578,24.45486982,47.0056989,21.22167917
11.84356997,78.10671764,25.24058415,108.0955111,82.81399485
11.77278098,74.72824098,25.81775207,96.62944774,84.81695859
17.47575647,131.7975369,29.14636126,105.0777497,86.97087605
20.08764298,148.9905089,31.27739804,82.46371247,64.77992854
12.97235086,87.49542819,20.97133045,37.36996407,10.03564114
11.58530255,80.01216984,22.61433009,54.60267854,22.30900567
22.15717439,124.7657693,33.12670295,45.42480164,11.38735374
24.22330018,107.3816701,30.74261251,41.11840718,11.2627242
13.13377383,85.01154359,27.63462294,65.8222798,38.55474898
21.4476247,110.3077197,33.54226161,53.28845452,17.48867933
14.36134076,92.39894601,27.05700235,57.97028611,24.90609319
14.12836,84.6468091,25.33604675,60.6548707,30.4190175
22.60320403,112.3242922,33.75798142,42.92279099,10.53013635
16.77430183,97.16502573,28.30281937,37.97894949,10.05318763
15.01746129,126.5078299,38.32319306,80.05736391,41.7231839
15.48262239,117.7496935,29.70100378,38.85940103,11.28367613
15.4806478,125.6441873,25.3958607,43.10677667,11.92351342
8.452164728,77.16194142,20.16436622,50.52988405,20.71172388
11.37032025,72.52966825,19.4170989,37.8580157,10.37175141
8.889644687,49.18528428,19.81247205,48.69682043,17.01058989
19.65863376,126.7845996,24.54583721,40.35287654,11.8073593
20.30795354,111.479942,32.73670449,43.60052505,11.85501858
8.099404866,76.29651296,18.38868448,38.52082215,10.65848915
11.50662127,79.071841,19.7494851,40.04276791,16.02111715
11.203251,91.92439857,24.7847014,40.28028552,12.54823818
9.102525367,72.20691595,19.53442577,33.57413742,10.73209237
12.80746672,70.23966528,20.96979425,44.09764954,18.21824152
24.86841306,107.0335117,50.06247923,84.8252843,45.94794761
39.53092981,269.8228863,53.16355962,52.37166434,16.91151136
50.31011573,156.3138834,56.40473546,93.86294876,44.97618686
35.91679055,134.7614775,49.09355169,89.25464506,55.83393094
27.12337045,141.6536397,44.81505626,64.27263539,23.24510409
45.25057003,300.7888915,71.86468525,86.8412217,44.5289944
32.88069868,142.862139,49.16130726,60.79916605,21.25471968
18.95681463,88.73282017,38.46687836,52.11513427,16.89349661
94.79124324,222.4538494,71.54349431,82.79761609,42.17284798
98.29010936,836.6917202,113.8292767,105.9178196,52.38923909
46.14419665,205.029561,59.18397925,89.94685644,51.45994794
31.74616529,270.6415181,77.27512255,67.47498819,18.19329279
38.51277809,255.7151083,70.39679981,69.14463546,25.81649214
19.88603309,125.37459,46.32673573,86.73442539,49.25013059
33.08379417,151.7156018,44.54112835,46.9572648,12.29801058
16.55643505,110.0586722,40.98052805,79.69450135,43.1858046
30.92066961,113.9494608,40.19281024,71.48882471,38.1866996
34.1792831,209.0242724,53.88969762,89.43248375,41.59705272
7.395134374,49.64991255,27.6508438,35.04446697,11.77446936
24.44009914,89.68582424,40.65192872,68.72782831,32.86112334
16.61779743,148.1493672,55.34661949,72.25658685,26.48816926
30.98544487,156.959361,40.91726546,65.96991527,30.10178154
26.31514085,260.6791183,53.99068711,59.15656895,22.54320433
9.753870692,55.40478075,11.68320537,33.08416271,21.47576169
11.77275661,61.84854282,18.15040882,66.52504638,60.90222158
14.04926038,52.39433218,17.62486207,50.53781346,37.25095025
17.47516702,66.33472812,13.01929135,23.5145924,11.76228241
13.86009162,81.83218454,18.83840598,48.32302579,37.03804485
20.39766733,289.5092358,43.61492219,38.06212122,21.9082133
16.12449849,178.0644115,32.03482397,45.71510069,34.00910762
21.08905077,179.7071104,28.62704415,33.92727147,21.6036752
18.20339936,74.17216671,11.85504716,19.87638737,10.61130603
24.60375898,178.9565939,28.79112019,29.79542561,17.58764638
16.27402586,91.5096314,19.02155231,24.2459122,10.62977288
15.88644621,263.2374994,43.0679034,21.39350933,7.18552536
19.02914151,238.4857103,33.10871708,21.79150005,10.91866044
7.319383929,260.4472178,40.71215861,27.0700312,12.63698482
20.16772823,181.7804747,33.20394714,59.85678783,36.30185051
15.64989396,219.8261477,27.40678143,28.35424685,17.66187997
21.1487858,201.3434166,23.05263343,19.38053018,9.511742692
14.29311664,173.5180577,23.89944546,18.76465605,10.45629587
3.528005087,44.27497157,7.901359363,14.21662044,7.492972156
12.86489989,192.7741732,34.28071959,30.95404659,18.85698078
11.06240014,70.53289206,16.65724859,64.13528275,44.97639982
23.164937,253.2970486,41.08307711,28.8401798,12.75073112
12.47220075,90.50976578,16.09910551,22.02436607,10.80192659
6.658438684,22.78549142,13.51242739,15.64440912,6.197689825
5.016429963,18.26084137,11.96307953,28.5920747,14.74555035
6.173675112,25.53995523,14.04851491,22.41389589,9.83108477
10.38210821,25.84299592,11.39322517,18.32327099,8.735992565
5.235675269,25.06808362,12.18924977,25.2134165,13.0001423
10.26166141,42.93715938,15.68205956,20.070269,7.559679974
10.14997978,24.25930308,14.04775022,17.31567854,6.099621381
6.946967102,22.33422664,12.91864182,18.21318577,6.415132828
10.60548473,22.64478217,11.31780409,23.2657736,9.847479933
13.57110997,24.56012837,14.08625433,21.28907008,8.099863608
7.421771494,29.75310326,14.64477015,24.11739937,9.568843328
8.619004659,20.59091449,10.82457481,15.51002892,5.361725114
9.544570031,32.35912784,14.89797195,19.24811423,7.494465378
4.740611666,28.0932503,12.16571914,13.58996097,3.504965439
3.529862542,18.60383506,10.52936263,11.12713048,2.814507027
8.924066614,27.19628995,10.98214127,12.65556289,3.373379451
2.032667987,12.88687816,7.719546174,16.71925668,6.579680486
3.437116459,15.34238898,8.589247106,20.12111767,8.681528257
1.764092678,12.53626648,7.258014384,14.80486503,5.551850653
6.49736534,24.74333669,12.64541848,22.68085964,10.61527284
5.528293642,25.58299948,17.10043787,42.20277884,28.64745102
3.642762176,19.96683385,11.93274675,17.48064458,7.17893356
7.441723171,14.62130421,9.694407815,17.36950742,8.119826621
21.75230479,846.0009125,146.7367688,55.35972142,10.2264046
41.64182313,963.0979998,133.2810382,46.91638073,5.735552877
40.37097304,1094.829702,206.4826457,74.30799455,12.31705025
18.57306345,381.0373941,58.55097568,37.5638187,9.177873413
36.52741807,890.7422647,156.0584844,52.33285425,8.492494291
41.91447111,1251.786059,170.3362209,54.75275378,4.718502143
46.07586442,1576.619678,217.9508261,67.06250595,9.615715781
43.1272768,1348.083949,179.8170405,68.47820406,6.778971923
66.42830695,1724.215651,212.1349546,77.18096066,6.49071039
53.11727852,1614.650354,223.3503227,65.93727792,7.785642115
28.51797889,1024.144145,190.5091618,76.5483037,6.048637485
26.82922298,758.6912598,97.48959828,33.44538222,6.318822069
49.71851486,1683.388655,179.0733145,67.77191191,7.272243956
24.59392207,1464.969195,202.9753232,70.09372329,5.693913991
40.72563739,1053.056381,136.6584451,44.77672327,5.876724562
35.29402613,1262.115296,154.5112179,48.83241002,8.456316567
35.5381967,1631.761457,220.1151756,86.65726835,6.933809051
51.36505869,1221.956221,161.8294833,52.47642572,4.536211786
17.49909611,851.5611362,121.3505876,40.71125394,6.063796137
31.91253603,1030.366331,157.4402931,54.42129183,5.904479822
28.14305823,981.4571813,136.471439,42.76374415,9.160717735
29.13657,1259.385333,166.9397851,52.16474857,7.096851523
24.46666531,860.0838312,150.5937785,51.81496365,7.765267135
4.085786572,75.97257948,31.93405391,62.8984857,24.40364238
3.093077308,78.90160686,37.18514215,72.42269081,30.04542588
9.673366757,114.3212145,41.71473315,63.72885003,20.20889271
8.65940361,91.12975006,38.09807317,69.87777767,31.03353794
5.758042225,94.58399246,33.01911622,54.23625605,17.85269253
5.608513251,67.84280705,37.75228926,95.37995186,39.86417797
6.614406908,73.93924639,37.28233746,67.46578502,24.13201769
7.790403607,101.8985411,42.84048099,58.1980837,16.46715622
7.324139892,74.43863032,30.64003036,49.63606785,15.83239725
10.97203376,143.2945276,52.39991551,55.45340547,16.62122833
12.34435591,121.9190533,42.11280534,64.6784274,24.79606686
5.530901128,83.59371114,29.13092619,38.17036125,8.881961419
7.020826687,88.8264121,41.3407181,55.83289921,18.59677623
2.845410908,59.79975102,28.21147435,33.61013194,9.039197612
3.066362214,57.25450433,37.54954375,40.18301636,13.16257775
5.0232812,78.27046399,36.87977889,65.30996909,23.40699073
6.333454226,97.84299357,42.51540039,56.52114371,19.23388708
7.925393405,81.23739713,36.82054592,51.19655243,15.97804268
2.827747632,60.65272621,23.83408501,113.7761545,59.66116027
4.241400618,80.62010401,31.34851594,58.92208111,28.66356285
4.248323619,85.80943217,32.54216345,73.48788384,33.13096135
4.562881138,83.61009761,33.50854078,102.0171802,53.93504977
3.415878382,60.8442587,27.95080263,68.25936083,26.35105412
24.08641338,273.0573201,22.72297397,16.51677867,5.565492405
29.35613566,310.2862835,29.72610333,21.92997284,6.978681866
66.85795002,542.4608187,50.23565021,38.6737388,16.24977356
43.59886253,331.462266,31.79438412,23.02497839,8.663409906
21.62396855,183.7876278,16.40179383,15.58235958,6.034726381
54.77643346,327.82012,28.33012853,22.71916863,6.405199854
81.47400892,330.6728272,34.3760368,26.06541438,9.237916168
65.60754086,442.1043415,25.98094208,22.55636865,6.906228337
77.18759468,394.233177,34.57697048,23.10746689,6.824452493
84.08688029,377.5428876,26.51769467,23.53306682,6.421574958
52.28880323,257.3662193,27.44549353,22.18463901,6.691213184
46.65041715,371.7408994,24.49701575,19.64981388,4.69801456
72.91888987,371.0209448,28.44476345,22.09209387,6.251463601
36.43523365,340.9192335,22.84358138,16.62998953,4.955704451
30.16360383,199.1305683,20.29081519,18.41414288,6.636612213
23.76142661,328.8074763,17.80484616,13.80201178,4.633188328
57.94575109,194.5077828,14.59623478,14.58343384,4.299517753
38.73362821,266.0608376,24.37897188,18.74965538,4.456190878
28.94007879,615.9270933,47.18385596,19.87649102,5.96750877
36.27031443,268.4136637,20.32401987,15.52706019,4.254168561
37.66532413,521.081569,35.10679886,19.70653066,5.591757642
30.6113872,248.5555664,20.47916112,17.33845429,5.358415895
26.02964936,193.8523956,16.82651826,15.00912117,4.063714537
6.83713642,33.49273311,11.85649887,16.37581891,4.444717261
6.89700014,24.71128546,16.09152062,24.23259032,14.90527542
18.59183493,59.8521385,20.97793051,20.15766538,4.028537859
16.71095135,110.8507542,22.88531089,19.01205098,3.611769347
13.63167072,43.18758195,17.73755822,30.0002897,14.15453731
14.68368539,44.42864249,22.43702513,25.26446656,12.24758505
17.60793779,58.59846776,20.70080618,22.77056708,6.615942837
9.858446096,59.18990757,19.26915256,19.59239608,5.853307416
26.44714113,85.04276804,23.01475709,20.06649128,3.589678728
18.59197886,83.20585099,24.76216368,20.48007493,3.6743513
14.59028405,39.82532029,17.72967737,23.74695424,9.653134066
12.57775944,44.90918134,16.78844494,17.66594272,3.402356805
10.60915578,55.10295258,19.48236986,17.85154436,4.425814759
7.334207419,61.08103515,14.00877514,14.0515952,3.280560426
10.45893573,42.32502721,16.51574988,17.13569934,3.718318036
6.604961076,81.49436316,17.87679103,15.52002629,3.99635539
20.7564202,69.08418041,23.82982497,20.80703689,5.06767618
12.01128368,37.34028851,15.34752226,15.94503859,2.980327033
2.701071472,22.98756409,11.75294268,17.02334593,6.168601006
7.616739065,29.74830089,14.78978919,17.48542917,4.182890903
5.105092752,24.85264865,10.32654249,14.59881732,4.689177743
6.946020019,21.55237,11.24416265,14.38972223,4.07931516
3.883531238,22.21825764,13.51773856,13.46801824,3.142093122
12.4257864,141.6881734,37.56859915,44.59238,16.81767462
8.750122575,42.55528977,12.9322933,23.10425847,8.027769106
9.151150419,37.40517183,12.89167646,22.21286215,6.951902278
9.300930956,65.52350229,23.92647552,39.83325468,16.61201854
8.776929171,45.77742476,14.87933603,28.46598734,11.42040917
12.88306928,211.3252092,43.65674513,42.65613318,14.17903946
17.15981822,117.2513272,34.16557831,43.67944588,15.41443207
7.376609674,42.18760951,15.59349664,30.76077253,10.41035723
15.56891662,39.59929339,15.36153394,28.5697554,9.747666094
15.28072013,62.88185343,23.28206865,38.51279697,13.66606261
13.81296434,191.8442258,49.27779035,45.70624868,14.4569303
5.5450309,24.99340915,10.74658716,25.3100678,10.58123671
8.648621321,71.12443723,21.95635085,30.3964505,11.17010752
8.355149224,44.36138905,15.59642356,33.60621544,13.9992099
8.931052977,42.4936975,13.9768796,25.4723928,8.836279537
7.507371464,25.11756924,11.04050394,24.22496538,8.573086874
11.55928713,37.41435631,14.74110129,28.26719969,10.38530693
7.268321596,27.38109325,11.57272443,22.66206807,7.33994032
4.94276226,21.20983504,9.310511735,24.19283208,11.23272854
4.405286748,28.17667325,12.01980853,24.70504002,10.3897478
4.898527657,46.56060389,16.10202595,37.71636887,17.84955718
4.983721767,43.69933149,14.91946447,29.82756245,12.99065822
3.74081539,29.05628774,11.25741127,21.10916126,7.762967569
137.5412447,2058.892067,481.3290497,496.4610122,300.1400109
45.13065473,866.0041384,262.6818288,1215.846647,866.9042253
28.93208136,431.3713044,228.5704369,1339.787815,800.8196665
62.58736828,1650.486336,423.6595755,1094.163616,731.4814894
76.7857461,2271.742893,497.3543517,1115.119288,888.8544174
34.17157921,607.4521282,330.6175683,1298.4421,823.8249535
57.70207981,992.9631918,358.8829231,1020.900343,581.0138236
144.8735076,6092.238062,731.856546,556.3144883,423.4416219
38.91075959,516.38899,209.6475887,1061.850026,861.6676865
71.50180082,1350.789998,444.3136012,1515.840464,906.0986842
46.52435988,1122.308132,371.6138587,1348.244812,894.140518
31.76717451,567.64381,247.1123191,1066.615598,654.9805855
209.1584272,11005.63256,1304.52012,1255.032451,793.5138118
93.20838666,2403.770611,525.3610179,1710.801261,1188.740498
92.45308196,2804.884477,465.2757061,2120.83602,1490.426161
97.46612336,2154.924402,350.0190781,942.578426,681.6200712
66.01763225,1873.862165,389.7379585,1819.235743,1214.832126
20.72186683,461.4227052,265.8966768,1685.166239,1225.220472
83.11848226,1031.849691,279.596932,1456.233253,1125.064151
49.49700712,678.2238935,276.3746909,1223.810646,891.7524193
17.19035774,504.5488201,216.2151115,1413.755167,868.9568749
22.36116859,381.7372914,178.0261739,763.7106727,543.2293691
77.32225015,1888.905873,411.6348951,1193.133399,854.6029761
3.754005098,7.800663667,5.740432588,17.60983232,8.957556229
5.437375673,7.815782822,5.056119418,12.01924931,5.886885449
7.583328102,13.78271711,8.858798731,21.37760687,10.60543254
8.027107679,11.7732472,7.110646807,18.72871073,9.987097966
3.588175205,9.969409299,4.850684335,7.259342977,2.221111142
10.25809821,6.337793808,4.122814984,7.650931568,2.529535762
11.20430777,9.386733073,5.422682805,8.930892662,3.018831441
5.929345648,7.558658862,5.610970435,17.35150581,9.270107976
12.48460323,9.391342973,5.560436688,12.77002304,5.689367346
9.228416415,12.46822399,8.955216272,30.77537851,18.14303542
7.647101254,14.25994556,7.021533426,18.53135271,9.613064304
5.728135618,9.834198398,5.649553061,17.8928655,9.61480778
2.073305968,7.277618131,4.602037421,10.41944343,4.351669541
4.139808787,10.16213325,5.114424344,11.86699838,4.097827875
7.923279467,8.020413195,5.920692649,15.95004665,8.200493752
2.306177734,6.288851378,4.820657588,14.67198905,7.609324225
6.989016751,6.754336285,4.738423299,7.871701408,2.788862735
6.914715584,7.671862353,5.172642595,10.90153975,4.065648532
2.149521678,6.283849491,6.451448241,16.33201258,7.555147005
4.130265937,8.514500472,5.05193432,18.25748594,9.739554867
4.096169074,8.011415272,5.373905442,15.03967848,7.039167592
3.333031114,6.680983057,4.304764864,10.98978742,4.51788531
4.241494576,7.283434298,3.908290533,11.34482236,4.800172429
78.77258874,460.1614783,151.4476587,58.15344554,11.08569953
152.210535,1907.958119,247.1645615,79.48491837,10.62567338
291.203452,2095.041659,287.2140292,95.05544025,8.605687325
120.6933095,498.6062471,164.9880765,62.80856512,6.795011897
110.6319581,759.1385038,181.5623861,73.82191287,10.54911359
156.6355505,1023.509501,212.7698816,78.496636,8.250365597
106.1658027,906.5225664,161.2110671,48.7840846,6.330928045
180.134453,705.2587743,150.8854033,57.03963943,6.252982408
238.2170542,858.3695262,167.7777435,67.1819981,8.458283565
482.9971323,6483.849139,684.0698804,141.8774443,7.96151776
294.8473422,5722.12269,697.6633738,169.3214649,8.253636274
202.510032,3742.656241,439.0281266,104.6715598,8.797528689
173.3032087,3967.544611,432.8463198,104.8074211,7.364498015
218.1442671,5581.243713,609.3567456,132.9905628,13.13104523
175.9968654,1825.820695,175.1346368,56.278829,9.3452365
175.8856402,1428.332657,177.9337075,59.42596081,7.773034799
189.5796231,1482.679752,194.8263623,63.72071043,7.205481042
330.4240499,5501.091785,576.0203859,115.6117014,8.856016036
32.66645972,308.3665234,130.2649875,44.91493347,8.28212906
100.1502796,1161.209911,196.9544077,61.64275569,13.84031308
115.4343728,1799.717092,305.4745943,74.93122455,8.5987206
86.65909243,826.0574048,185.8061852,60.21216655,12.83992098
94.35077016,757.6350913,137.8851143,43.53936664,6.674701433
44.43665489,460.7422208,114.013869,141.6860396,65.88192937
67.44548425,599.9089295,163.5569673,200.6605498,81.72143882
218.4405717,1717.121393,408.2790627,323.9958409,52.45480678
112.1044787,1089.891361,276.2360601,257.9184544,105.2286627
183.4156875,1255.999691,344.3271352,261.7628742,88.1149292
114.2995158,689.2172125,193.4709701,223.6298744,92.74197316
82.64836395,584.8294263,161.8685088,260.8135358,140.2709723
123.558307,645.8014361,168.1058301,220.8464756,86.41220227
169.4158458,855.69627,190.124083,250.8883558,117.8225317
325.991481,2034.076161,479.330282,368.0768359,87.07783886
76.52157327,748.9866667,193.2976183,227.5596454,97.74125794
121.9802822,591.9682935,161.6397397,207.8824099,73.52364038
110.4755658,523.9896899,151.5888211,215.5487851,115.648756
65.97798132,610.3566728,166.0101398,211.3358837,90.65006374
74.485199,371.90216,126.7364923,173.1376019,64.88019047
53.6279192,686.8565201,135.039753,179.620868,129.9136553
77.044643,669.468466,156.7437117,256.7449534,142.0492429
90.47039099,973.6385822,268.1340643,251.0104111,101.2987826
16.16486638,215.7717035,69.82670444,179.5081232,79.00857607
50.64139797,429.7690406,121.8311906,224.0716774,153.5842947
46.04248055,565.3252816,145.2824863,306.0581377,177.3185953
69.83135911,368.184719,109.7177144,184.4054655,70.73812761
71.27411027,414.0800081,114.5281995,230.5095796,154.47658
20.33340422,129.2417973,43.04771271,33.74252337,5.758079179
39.29427273,247.9788923,57.71137936,48.76077914,7.416763296
101.2676168,605.7999289,128.3996468,72.77380414,11.26168059
39.92803143,331.87937,68.02742879,43.52661302,6.383147034
42.90615562,384.3160149,68.70980387,52.93963652,11.13629379
83.49295032,390.8726668,73.01577218,58.93179367,10.85913532
74.16985592,447.3978993,93.8782462,54.4829905,8.824618693
37.60529529,279.9372752,61.24629693,38.76814253,4.648024618
63.8692394,332.6270344,63.04953138,35.25321258,4.087321302
88.85845295,829.8756267,134.131008,80.13192884,13.48266083
78.13663419,418.9876841,100.6822093,50.01111001,5.1976073
29.50049631,228.6604707,47.75165984,37.66845316,5.227507235
64.52557634,807.2832993,98.80191355,63.95426486,11.82334092
40.04055663,300.3495562,45.37338504,53.44052165,12.2403478
38.7858364,249.1375432,77.36882577,34.66490352,3.286873567
38.66149556,253.9014798,68.46519787,51.21843063,9.602453834
31.84926825,189.2090512,46.96485551,28.4087671,4.627040948
54.25850095,589.5060739,109.223852,59.68334363,7.524208581
54.72162049,508.478743,53.52774066,49.1561646,11.88805429
29.21356065,209.1152648,49.69028338,45.3605166,8.893803627
29.76773725,230.2698158,59.49649973,46.90749739,7.662749644
41.20998151,274.4329367,69.06238483,49.03041005,5.464239563
29.75840265,148.5748367,43.14105298,42.8013854,9.498055026
2.881420034,9.678067257,4.269397489,13.28123904,2.802779555
6.266633178,11.01931931,4.450659214,12.879466,3.601204317
10.26518355,22.80727375,6.878772927,16.89741466,5.166837265
8.778838699,18.40717051,5.52823443,13.57705254,3.467687315
2.4995911,15.89032272,5.074316659,10.575161,1.634519618
5.437202909,12.07961493,5.161848166,14.0128492,3.162408802
8.684298787,14.68389024,4.774420033,13.35806876,2.858496445
6.954399523,22.75335563,5.992999806,16.8090194,4.265233059
8.284029188,9.66591186,4.548017465,12.14009774,2.137157156
9.407829755,19.13516122,5.234502887,15.16285942,3.379336481
9.536733524,12.69297817,4.275344602,11.04725978,2.002048633
4.967806993,8.868773935,3.923457882,11.14491682,1.691773935
9.735400646,15.84123144,5.780624336,14.29546743,2.559142174
2.347361904,11.44159429,4.156703864,12.56121798,2.530640914
5.15229716,20.64176885,4.848154248,12.89159441,2.31561796
5.873818598,6.052188278,4.3222971,13.92267925,3.483897299
7.622970034,12.84748108,4.674106541,14.56982048,4.951707774
6.919796058,8.373803847,4.546017271,12.25598705,2.066053549
2.069312366,15.74306013,4.785928459,13.93299347,2.867799681
3.768089438,12.99939178,4.971577944,12.41401841,2.394708603
4.841660173,15.33772355,5.192845003,15.8190393,4.269898781
6.562350094,9.951195134,4.057793681,12.61245436,2.67475387
5.903457664,7.865708149,3.647346732,10.23191473,1.418214897
6.134246266,69.064491,63.8482966,82.48437166,40.66169948
8.865278584,91.01901888,108.2768947,88.66390712,31.4124658
32.69550685,230.2466334,128.6369547,153.2777851,52.44963996
18.6552071,184.9381784,123.9968372,174.9230102,80.86643935
8.668680266,98.43107253,107.1112707,87.87671118,28.77342738
12.08878149,194.0062329,78.39673343,102.8995539,23.62090402
22.01213528,221.7570532,123.6546734,109.8111078,22.48563092
23.95633366,209.1287974,118.1793428,133.7093704,42.37742435
43.44500124,328.2868211,136.7303921,118.0230675,22.76470299
57.81915166,513.6030674,197.3693753,138.9954506,23.63105011
11.9704695,103.2094805,83.80519946,90.57111473,21.20191951
22.23361556,156.2050717,121.8773594,108.804064,21.37532908
12.1377907,130.1671529,76.38968479,87.10577593,19.48238282
12.49092593,132.6280587,100.2419339,95.00946033,22.22319726
21.17915052,190.0946084,112.8702784,89.26145797,18.17431974
7.312708407,61.58088237,66.90798395,67.30292624,17.51749258
21.72740242,173.0735663,102.727557,83.47918113,17.45553571
13.05685418,132.5931238,99.92136207,86.97155304,22.61136508
1.977713464,44.01701186,48.8850239,49.16683256,12.51711187
11.30711846,90.57000374,92.37614353,78.56946745,16.66857111
10.04536296,125.4107313,81.35517287,88.14451394,22.57450642
13.99508157,112.5918089,89.04938698,84.27156397,18.42515747
14.43171214,131.2930353,83.26553222,93.2993182,26.11228969
8.753738469,71.8221755,12.15129604,9.122682718,1.996232981
8.46839342,90.21494409,11.2463502,8.827884367,2.295008632
45.64820818,141.6455046,23.27699405,15.38577401,3.574869682
23.69938402,77.79332375,16.44404841,12.33453197,2.193072624
13.61492365,90.39358654,12.86717119,9.062512246,1.96142225
21.48866502,81.75873058,16.05857317,12.60681087,2.866104972
33.19609899,66.19140917,20.71949944,11.28614285,1.994572208
37.92623792,91.61246177,16.79980395,12.22407026,2.813656759
22.07979722,74.77318584,15.48954465,10.62247838,2.235055331
39.40001751,84.62606109,19.70597812,11.42758528,2.032474022
28.17154502,107.8108871,18.41817567,13.39064767,3.572367521
21.99729945,94.54890894,16.68390001,10.03015682,1.936132517
24.2487337,73.40122753,16.6450771,10.38718406,2.160054073
9.95895425,69.97717613,19.10944163,8.187236557,1.734334854
30.03503354,109.3060103,24.55603934,11.29208883,2.195694091
7.058088182,99.74738383,15.87512546,9.616359252,2.278699917
13.13773081,89.12079238,14.65828167,8.826430277,2.484522209
30.8918564,94.35740978,17.40465862,11.63515754,2.554408511
4.402564977,67.38600024,10.66548347,7.772893261,1.945378839
9.492063566,58.26614919,10.92965647,9.507271785,2.623261847
11.06215291,59.15782521,10.12570203,9.244743386,2.479003356
17.90710609,83.11170267,10.84104942,9.326263102,2.388649415
26.93676751,76.59630078,13.26456625,10.8778242,2.074572538
1.710575488,21.09373609,8.157948842,22.80885601,4.987235025
9.307554934,41.96551097,11.97059312,22.75771316,4.922479499
42.23127142,111.2708896,31.06627674,48.97883483,11.98071198
15.74276449,62.34748015,20.17165505,30.12319433,6.237350941
4.932124814,25.94333862,8.976581657,21.03249224,4.316083152
1.705716425,18.95493325,8.359192651,22.97607185,4.206953923
13.55872086,67.39045264,16.26103933,28.02735656,4.895050832
4.199915823,30.28272932,9.665366652,23.31511691,4.440403489
33.01652327,178.5898961,24.673509,27.1971504,5.247535887
31.23858932,100.6065701,25.83104372,29.48675359,4.958586778
8.769131912,44.26599467,11.92639886,23.78654043,4.943781793
15.47750163,50.66283104,16.34642548,28.9469795,5.416158133
5.081507095,33.1281784,11.65218369,24.43390263,5.996518281
4.412292856,28.99918879,8.857450736,22.04600808,4.461646593
10.70603798,58.91245557,14.29817658,24.60208745,4.491686006
3.97141271,47.70439322,8.653980095,22.64685948,4.764997574
7.862263587,79.50024557,11.82927788,22.0676845,4.440958055
4.182783932,34.85869512,13.12470557,24.73836335,6.023748059
8.614880161,227.3256127,23.66020713,25.291077,6.196555776
7.782714875,38.83913864,10.84969213,25.34455259,5.796256859
10.02928923,49.32820174,13.22999665,21.16569481,4.363356061
11.5789225,36.47396643,13.17296591,24.79275643,5.419973173
12.84796914,44.11707522,13.68570724,22.91759503,4.534955324
40.96176463,34.7320181,19.07452703,25.71528702,5.655649975
70.13243269,50.62016196,21.26705245,22.76191397,3.44731431
89.31451103,56.44968638,23.94188924,27.77698927,4.312577586
101.7768039,65.92264621,25.76021485,30.61792518,5.661772423
56.78312927,50.14447657,20.15181934,26.99827172,4.479294224
82.42742236,56.03493245,24.33926432,26.9050318,4.464690079
82.16031974,44.8989699,22.88401174,31.02269495,6.956459885
113.4140937,61.74675859,25.70027705,26.70686282,4.319944692
84.26383354,51.45426874,23.48660096,22.97266993,3.269304036
146.3059962,89.38683478,37.49756888,34.30573418,4.897640406
61.8901701,41.85718017,23.96805975,30.50345928,7.856954067
98.09062474,59.73005593,22.84811608,27.46443388,4.610278493
110.7077472,68.88455323,29.83426285,26.63594526,3.975753997
66.16638833,51.55807665,23.43854984,25.78222558,6.738289725
78.71290577,45.2991966,22.58207467,29.65864869,6.135564918
64.0094053,37.71636352,23.90461157,27.28407807,4.981476709
49.96391008,34.18549412,25.74420518,25.85174601,4.459278312
138.2592171,87.21549664,31.21250649,32.91325375,5.298266594
17.98416054,23.8814486,14.51143257,23.62289171,5.380948245
35.82003867,35.33453231,19.922854,24.21930517,4.1033935
52.77725939,40.11112471,17.31726714,24.26163246,5.730081039
159.2765581,65.08234387,23.22251845,27.13390632,5.374732489
87.78680835,44.54012265,19.60483612,25.90758814,4.798931104
10.44348484,53.46571251,17.15129002,31.64965277,16.61528783
19.31005467,326.2838453,29.67393738,31.21428943,11.098936
167.4253466,477.294571,90.74390321,62.30710255,11.84316104
93.81149525,561.7073729,51.87573287,43.20697159,16.39295752
10.9988166,41.86958418,16.60846683,34.70049922,15.85370047
17.96119086,48.32247015,19.44219198,30.54317172,10.34755697
15.05538785,47.1131187,19.42121688,43.60624472,24.05967417
51.73154255,52.60627532,21.81426219,41.76011687,22.00264092
77.51760549,184.0853334,33.0523912,38.47251972,16.95498945
67.34684151,234.6679277,36.09143196,43.25676705,28.24118572
4.007848437,38.39701527,13.46726289,23.48154909,10.93403845
12.53541768,31.1924441,15.15304298,29.40492491,14.87911975
7.510913386,35.65413489,14.40537447,24.05483196,10.05833065
35.32603209,201.7004233,28.91933471,39.57355253,22.51722071
43.46691637,174.1218833,30.96870282,29.29531087,12.85236666
10.09925136,100.0401071,16.59871965,32.47060656,17.81670798
4.963871285,30.51911398,10.71300468,20.44947243,9.675602803
37.58244363,117.0787397,30.85124438,30.60541778,10.93756097
3.674932583,22.63992395,12.02759573,30.39330422,18.80011774
25.3501314,232.9139676,24.16932645,22.80678855,9.882420825
23.66017036,160.078009,32.66632684,42.116938,18.17295761
41.16710093,502.0326714,35.13195872,34.94720607,16.17648527
41.37802342,275.8487535,24.9645025,33.47429613,13.74338878